experiment,epoch,train_loss,train_accuracy,train_macro_f1,train_balanced_accuracy
FINAL_TEST_TL_FULL_3_resnet18_layer4_minimal,1,1.4057814279360752,0.5118549511854951,0.5079582291645819,0.5239409343984508
FINAL_TEST_TL_FULL_3_resnet18_layer4_minimal,2,0.5304871314988475,0.8354253835425384,0.8435160317445413,0.8437908496732026
FINAL_TEST_TL_FULL_3_resnet18_layer4_minimal,3,0.28019812378923264,0.9428172942817294,0.9461156865599312,0.9460784313725491
FINAL_TEST_TL_FULL_3_resnet18_layer4_minimal,4,0.1938434124117616,0.9581589958158996,0.9594382962318936,0.958629871701767
FINAL_TEST_TL_FULL_3_resnet18_layer4_minimal,5,0.10090588687852836,0.9888423988842399,0.989525598641652,0.9895424836601308
FINAL_TEST_TL_FULL_3_resnet18_layer4_minimal,6,0.07607474953268695,0.99302649930265,0.9934712443029299,0.9934640522875817
