experiment,image_size,batch_size,epochs,lr,dropout,batch_norm,weight_decay,augmentation,initialization,early_stopping,val_accuracy_mean,val_accuracy_std,val_macro_f1_mean,val_macro_f1_std,val_balanced_accuracy_mean,val_balanced_accuracy_std
MLP_3_dropout_batchnorm_weightdecay,64,32,20,0.001,0.5,True,0.0001,minimal,default,False,0.6178418803418804,0.025899040466231302,0.6027222083028042,0.04913569881259309,0.6183844913256679,0.03506432805405961
MLP_2_dropout_batchnorm,64,32,20,0.001,0.5,True,0.0,minimal,default,False,0.6067210567210567,0.016661186914203353,0.5970112398494878,0.02405711899894429,0.6091035761623996,0.022917646729775865
MLP_0_baseline,64,32,20,0.001,0.0,False,0.0,minimal,default,False,0.5997571872571873,0.029995628234539166,0.5965545768879119,0.03952341719284363,0.5987953223247341,0.03637326432205995
MLP_8_early_stopping,64,32,30,0.001,0.5,True,0.0001,medium,he,True,0.5718822843822844,0.03997606937176238,0.5614958598678037,0.06239098193383965,0.5766003930709813,0.046719174094471315
MLP_5_xavier_initialization,64,32,20,0.001,0.5,True,0.0001,medium,xavier,False,0.5704739704739705,0.021883299581121708,0.5553981218156366,0.030088561816478707,0.569845448668978,0.024048725352265883
MLP_7_uniform_initialization,64,32,20,0.001,0.5,True,0.0001,medium,uniform,False,0.5648504273504275,0.028122823028129608,0.5447923502798162,0.0421957277168933,0.5637149778326249,0.034727803630307336
MLP_4_data_augmentation,64,32,20,0.001,0.5,True,0.0001,medium,default,False,0.5565170940170939,0.02033340062563423,0.5424356609103642,0.03207478474658117,0.5561027208086031,0.028882722647368884
MLP_6_he_initialization,64,32,20,0.001,0.5,True,0.0001,medium,he,False,0.5550699300699301,0.023796515968215005,0.5341187771155237,0.029894720157433628,0.5605674064497594,0.023396383687750974
MLP_1_dropout,64,32,20,0.001,0.5,False,0.0,minimal,default,False,0.49513403263403266,0.01953181839428639,0.4813608558525849,0.029179010668384776,0.4976790529731706,0.023127347516659232
