{
  "experiment": "MLP_5_xavier_initialization",
  "model": "MLPClassifier",
  "image_size": 64,
  "batch_size": 32,
  "epochs": 20,
  "lr": 0.001,
  "optimizer": "adam",
  "dropout": 0.5,
  "batch_norm": true,
  "weight_decay": 0.0001,
  "augmentation": "medium",
  "initialization": "xavier",
  "hidden_dims": [
    512,
    128
  ],
  "early_stopping": false,
  "folds_run": [
    0,
    1,
    2,
    3,
    4
  ],
  "best_fold": 3,
  "val_accuracy_mean": 0.5481351981351981,
  "val_accuracy_std": 0.010302331506009364,
  "val_macro_f1_mean": 0.5337514159494336,
  "val_macro_f1_std": 0.008584033612083045,
  "val_balanced_accuracy_mean": 0.5503390726920139,
  "val_balanced_accuracy_std": 0.010667717420938768,
  "mlflow_run_id": "912cda7dcace487089936161ec2b6d25"
}