experiment,fold,best_epoch,image_size,batch_size,epochs,lr,dropout,batch_norm,weight_decay,augmentation,initialization,early_stopping,val_loss,val_accuracy,val_macro_f1,val_balanced_accuracy
MLP_7_uniform_initialization,0,17,64,32,20,0.001,0.5,True,0.0001,medium,uniform,False,1.2047789361741807,0.5347222222222222,0.5007735029160864,0.5152363975893387
MLP_7_uniform_initialization,1,20,64,32,20,0.001,0.5,True,0.0001,medium,uniform,False,1.0986664162741766,0.5972222222222222,0.606186028229039,0.6038536626771921
MLP_7_uniform_initialization,2,15,64,32,20,0.001,0.5,True,0.0001,medium,uniform,False,1.1734301835506946,0.5384615384615384,0.5105913249275585,0.5447245564892624
MLP_7_uniform_initialization,3,12,64,32,20,0.001,0.5,True,0.0001,medium,uniform,False,1.1887292795247966,0.5874125874125874,0.5604097722171812,0.5854015265779972
MLP_7_uniform_initialization,4,18,64,32,20,0.001,0.5,True,0.0001,medium,uniform,False,1.1725535242707579,0.5664335664335665,0.546001123109216,0.569358745829334
