{
  "experiment": "MLP_8_early_stopping",
  "model": "MLPClassifier",
  "image_size": 64,
  "batch_size": 32,
  "epochs": 30,
  "lr": 0.001,
  "optimizer": "adam",
  "dropout": 0.5,
  "batch_norm": true,
  "weight_decay": 0.0001,
  "augmentation": "medium",
  "initialization": "he",
  "hidden_dims": [
    512,
    128
  ],
  "early_stopping": true,
  "folds_run": [
    0,
    1,
    2,
    3,
    4
  ],
  "best_fold": 1,
  "val_accuracy_mean": 0.5438714063714064,
  "val_accuracy_std": 0.02618816829086908,
  "val_macro_f1_mean": 0.5265256280611791,
  "val_macro_f1_std": 0.03551465051633098,
  "val_balanced_accuracy_mean": 0.5407341677929913,
  "val_balanced_accuracy_std": 0.028059902549140227,
  "mlflow_run_id": "f1b6560f25454ca797f030c515be54eb"
}