{
    "experiment": "MLP_2_dropout_batchnorm",
    "image_size": 64,
    "batch_size": 32,
    "epochs": 20,
    "lr": 0.001,
    "dropout": 0.5,
    "batch_norm": true,
    "weight_decay": 0.0,
    "augmentation": "minimal",
    "initialization": "default",
    "early_stopping": false,
    "val_accuracy_mean": 0.6067210567210567,
    "val_accuracy_std": 0.016661186914203353,
    "val_macro_f1_mean": 0.5970112398494878,
    "val_macro_f1_std": 0.02405711899894429,
    "val_balanced_accuracy_mean": 0.6091035761623996,
    "val_balanced_accuracy_std": 0.022917646729775865
}