{
  "experiment": "MLP_10_lower_lr_dropout03_bn_wd",
  "model": "MLPClassifier",
  "image_size": 64,
  "batch_size": 32,
  "epochs": 30,
  "lr": 0.0003,
  "optimizer": "adam",
  "dropout": 0.3,
  "batch_norm": true,
  "weight_decay": 0.0001,
  "augmentation": "minimal",
  "initialization": "he",
  "hidden_dims": [
    512,
    128
  ],
  "early_stopping": true,
  "folds_run": [
    0,
    1,
    2,
    3,
    4
  ],
  "best_fold": 1,
  "val_accuracy_mean": 0.6136363636363635,
  "val_accuracy_std": 0.03572218292598352,
  "val_macro_f1_mean": 0.5975040079524536,
  "val_macro_f1_std": 0.04347946488020058,
  "val_balanced_accuracy_mean": 0.6145410145410144,
  "val_balanced_accuracy_std": 0.039401786711664784,
  "mlflow_run_id": "f6309772107b448c87eba7f55ebf4f50"
}