experiment,fold,best_epoch,image_size,batch_size,epochs,lr,dropout,batch_norm,weight_decay,augmentation,initialization,early_stopping,val_loss,val_accuracy,val_macro_f1,val_balanced_accuracy
MLP_0_baseline,0,12,64,32,20,0.001,0.0,False,0.0,minimal,default,False,1.4172900915145874,0.5625,0.5376636938300225,0.5499108734402852
MLP_0_baseline,1,17,64,32,20,0.001,0.0,False,0.0,minimal,default,False,1.5751017464531794,0.6111111111111112,0.6128603007789758,0.6141244376538494
MLP_0_baseline,2,18,64,32,20,0.001,0.0,False,0.0,minimal,default,False,1.3469624727755993,0.5734265734265734,0.575211293236936,0.5714285714285715
MLP_0_baseline,3,16,64,32,20,0.001,0.0,False,0.0,minimal,default,False,1.1976327687710315,0.6293706293706294,0.6257411527211305,0.6348553407376936
MLP_0_baseline,4,20,64,32,20,0.001,0.0,False,0.0,minimal,default,False,1.4956929316887488,0.6223776223776224,0.6312964438724944,0.6236573883632707
