experiment,fold,best_epoch,image_size,batch_size,epochs,lr,dropout,batch_norm,weight_decay,augmentation,initialization,early_stopping,val_loss,val_accuracy,val_macro_f1,val_balanced_accuracy
MLP_8_early_stopping,0,2,64,32,30,0.001,0.5,True,0.0001,medium,he,True,1.6042073170344036,0.5069444444444444,0.45773952317208777,0.4974959680842033
MLP_8_early_stopping,1,20,64,32,30,0.001,0.5,True,0.0001,medium,he,True,1.1309259467654758,0.5972222222222222,0.6106397191319346,0.6038536626771921
MLP_8_early_stopping,2,12,64,32,30,0.001,0.5,True,0.0001,medium,he,True,1.2430681782168942,0.5594405594405595,0.5514215098354884,0.5703081232492998
MLP_8_early_stopping,3,25,64,32,30,0.001,0.5,True,0.0001,medium,he,True,1.0825898338864732,0.6013986013986014,0.5839307710251584,0.6051464874994286
MLP_8_early_stopping,4,19,64,32,30,0.001,0.5,True,0.0001,medium,he,True,1.2135308113965122,0.5944055944055944,0.6037477761743494,0.6061977238447827
