experiment,fold,best_epoch,val_loss,val_accuracy,val_macro_f1,val_balanced_accuracy,n_train,n_val
MLP_5_xavier_initialization,0,18,1.2177083359824286,0.5416666666666666,0.5360552401973327,0.5352686529157118,573,144
MLP_5_xavier_initialization,1,19,1.1774786975648668,0.5416666666666666,0.5341546891646287,0.5430353959765726,573,144
MLP_5_xavier_initialization,2,18,1.1260230874681807,0.5524475524475524,0.5252349643046025,0.5623716153127918,574,143
MLP_5_xavier_initialization,3,14,1.1857657157457793,0.5664335664335665,0.5483512562112968,0.5622286210521504,574,143
MLP_5_xavier_initialization,4,20,1.2179753388558234,0.5384615384615384,0.5249609298693076,0.548791078202843,574,143
