experiment,fold,best_epoch,image_size,batch_size,epochs,lr,dropout,batch_norm,weight_decay,augmentation,initialization,early_stopping,val_loss,val_accuracy,val_macro_f1,val_balanced_accuracy
MLP_6_he_initialization,0,8,64,32,20,0.001,0.5,True,0.0001,medium,he,False,1.3309804730945163,0.5486111111111112,0.5293413971776544,0.546006281300399
MLP_6_he_initialization,1,19,64,32,20,0.001,0.5,True,0.0001,medium,he,False,1.170716020796034,0.5763888888888888,0.5634358582621011,0.584245819539937
MLP_6_he_initialization,2,20,64,32,20,0.001,0.5,True,0.0001,medium,he,False,1.1865230606986092,0.5174825174825175,0.486277526220055,0.5282913165266105
MLP_6_he_initialization,3,17,64,32,20,0.001,0.5,True,0.0001,medium,he,False,1.1070069716526911,0.5734265734265734,0.5376394790504415,0.5794597559303443
MLP_6_he_initialization,4,13,64,32,20,0.001,0.5,True,0.0001,medium,he,False,1.26253867732895,0.5594405594405595,0.5538996248673668,0.5648338589515061
