experiment,fold,best_epoch,image_size,batch_size,epochs,lr,dropout,batch_norm,weight_decay,augmentation,initialization,early_stopping,val_loss,val_accuracy,val_macro_f1,val_balanced_accuracy
MLP_4_data_augmentation,0,16,64,32,20,0.001,0.5,True,0.0001,medium,default,False,1.2077736854553223,0.5277777777777778,0.5062895780141653,0.5108649520414227
MLP_4_data_augmentation,1,19,64,32,20,0.001,0.5,True,0.0001,medium,default,False,1.1226746638615925,0.5625,0.5667306539202862,0.5676088617265088
MLP_4_data_augmentation,2,16,64,32,20,0.001,0.5,True,0.0001,medium,default,False,1.1643908790775113,0.5454545454545454,0.5232195949520756,0.5466853408029878
MLP_4_data_augmentation,3,19,64,32,20,0.001,0.5,True,0.0001,medium,default,False,1.1086809685180237,0.5664335664335665,0.5318298050685191,0.5693587458293341
MLP_4_data_augmentation,4,19,64,32,20,0.001,0.5,True,0.0001,medium,default,False,1.16924315232497,0.5804195804195804,0.5841086725967749,0.5859957036427624
